rsid	pval
rs1002687	0.000000353076
rs1007205	0.0000602176
rs10157265	0.0000239386
rs10158452	0.60126
rs10158897	0.00000196225
rs10159255	0.000000369147
rs10399619	0.279004
rs10458569	0.485986
rs10493322	0.00000196225
rs10493324	0.51851
rs10493326	0.0109901
rs10749732	0.618784
rs10789109	0.628266
rs10789110	0.103494
rs10789112	0.00000196225
rs10789113	0.00000110528
rs10789116	0.00000129109
rs10789117	0.0000239386
rs10789118	0.00000129109
rs10789119	0.00000129109
rs10789120	0.00000328698
rs10789121	0.0269186
rs10889319	0.492162
rs10889320	0.356722
rs10889323	0.573218
rs10889324	0.578373
rs10889325	0.170685
rs10889326	0.103494
rs10889327	0.279004
rs10889328	0.199566
rs10889329	0.228127
rs10889330	0.0000065999
rs10889331	0.0000128698
rs10889332	0.0000121498
rs10889333	0.000000564999
rs10889334	0.00000196225
rs10889335	0.000000822368
rs10889336	0.000000199774
rs10889337	0.00000649358
rs10889338	0.00000141456
rs10889339	0.0000640843
rs10889340	0.0000241903
rs10889343	0.0000330903
rs10889344	0.0000401744
rs10889347	0.0000239386
rs10889349	0.0000263442
rs10889350	0.0000254911
rs10889352	0.00000143391
rs10889353	0.00000129109
rs10889354	0.00000110528
rs10889356	0.000000729202
rs10889357	0.000000325166
rs10889360	0.000000537938
rs111464272	0.71832
rs11207958	0.366644
rs11207963	0.211634
rs11207965	0.51851
rs11207969	0.0000121498
rs11207970	0.00000117945
rs11207972	0.0000145512
rs11207974	0.0000121498
rs11207976	0.0000142144
rs11207977	0.000000116254
rs11207978	0.0052345
rs11207979	0.0000121498
rs11207980	0.00000129109
rs11207981	0.0000262313
rs11207982	0.00000100976
rs11207983	0.0000513433
rs11207984	0.0000239386
rs11207985	0.0000105753
rs11207986	0.0000262313
rs11207990	0.0000239386
rs11207992	0.00000129109
rs11207993	0.00486802
rs11207994	0.000000694456
rs11207995	0.00000146088
rs11207996	0.00000418686
rs11207997	0.0000128299
rs11207998	0.000707146
rs11207999	0.0000239386
rs11208000	0.0000239386
rs11208001	0.000035547
rs11208004	0.00000129109
rs11208007	0.000000325166
rs112957492	0.00000568569
rs114050638	0.022274
rs114332000	0.0520459
rs114449051	0.159845
rs114856166	0.00737444
rs11485618	0.00000129109
rs115404526	0.022274
rs115519204	0.0520459
rs11577840	0.0000239386
rs11584073	0.434197
rs11588261	0.0000239386
rs115913296	0.0520459
rs116423924	0.0789828
rs1167996	0.0000239386
rs1167998	0.0000128698
rs1168001	0.00000651571
rs1168002	0.0000128698
rs1168003	0.0000128698
rs1168009	0.0000369858
rs1168010	0.0000233128
rs1168013	0.0000239386
rs1168015	0.0000239386
rs1168017	0.0000239386
rs1168018	0.00000892065
rs1168020	0.0000234928
rs1168021	0.0000324831
rs1168026	0.0000126294
rs1168027	0.0000239386
rs1168028	0.0000128698
rs1168029	0.0000128698
rs1168030	0.0000128698
rs1168031	0.000013397
rs1168032	0.0000128698
rs1168034	0.0000128698
rs1168036	0.0000239386
rs1168040	0.000134946
rs1168041	0.00000251449
rs1168044	0.0000245761
rs1168045	0.0000232889
rs1168046	0.0000234956
rs1168047	0.0000244404
rs1168050	0.0000239386
rs1168086	0.0000239386
rs1168089	0.00000626917
rs1168097	0.0000199709
rs1168098	0.0000239386
rs1168099	0.0000239386
rs1168102	0.0000250534
rs1168103	0.0000239386
rs1168104	0.0000239386
rs1168109	0.777716
rs1168110	0.889695
rs1168111	0.991977
rs1168112	0.974963
rs1168113	0.000000362456
rs1168114	0.00000235046
rs1168116	0.0376038
rs1168124	0.0000229645
rs1168128	0.0000239386
rs1177541	0.0000136943
rs1179765	0.0000239386
rs11800488	0.503546
rs11804324	0.211634
rs1183260	0.0000266964
rs1183851	0.0296542
rs1184547	0.0000239386
rs1184865	0.0000128698
rs12023351	0.347252
rs12023489	0.0000121498
rs12024419	0.491132
rs12025429	0.501577
rs12025714	0.000707146
rs12025800	0.0000261068
rs12027778	0.000707146
rs12028582	0.885678
rs12029068	0.0000239386
rs12030293	0.000707146
rs12033521	0.598545
rs12035318	0.052604
rs12037659	0.00000196225
rs12038768	0.00000129109
rs12039115	0.000737871
rs12041843	0.000374385
rs12042319	0.00000152653
rs12042483	0.54974
rs12043877	0.000707146
rs12045584	0.501577
rs12047226	0.0000025405
rs12048208	0.000863393
rs12059921	0.240588
rs12062275	0.0000239386
rs12073544	0.211634
rs12074528	0.0000330903
rs12090886	0.0000128698
rs12092541	0.00406855
rs12116574	0.00000129109
rs12116657	0.0024403
rs12117388	0.00406855
rs12123703	0.470685
rs12125629	0.139743
rs12126671	0.58891
rs12129899	0.103648
rs12136083	0.000000325166
rs12141821	0.502463
rs12144713	0.247672
rs12403207	0.0000239386
rs12403723	0.617805
rs12404736	0.687123
rs12406266	0.51851
rs12407297	0.786673
rs12737254	0.776327
rs12746124	0.0144042
rs12749263	0.0179825
rs12758910	0.438226
rs1305520	0.00000702567
rs1305521	0.0000261517
rs1334806	0.530032
rs13375306	0.643738
rs13375691	0.000595258
rs137939612	0.484654
rs1413821	0.732401
rs141556251	0.183377
rs141771798	0.309877
rs142009097	0.159845
rs143208245	0.0126567
rs143916675	0.261598
rs144130753	0.635917
rs144452482	0.548506
rs145952614	0.012937
rs146190830	0.586613
rs1472257	0.0000239386
rs1473752	0.28694
rs1473753	0.620528
rs1473754	0.511514
rs147517893	0.022274
rs147974517	0.261598
rs148599536	0.126369
rs149142242	0.022274
rs1555831	0.552243
rs1570694	0.00000100976
rs1627591	0.0000450537
rs1629122	0.00000525119
rs1690755	0.0000130148
rs1690761	0.0000250918
rs1690766	0.0000256268
rs17123525	0.691242
rs17123534	0.233467
rs17123589	0.342326
rs17123603	0.428138
rs17315037	0.846978
rs17380555	0.922398
rs17381154	0.806031
rs17381383	0.220764
rs17426756	0.0330165
rs1748195	0.0000235752
rs1748197	0.00000478704
rs1748199	0.0000044174
rs1748200	0.0000231022
rs1748201	0.0000239386
rs1781195	0.0000239386
rs1781212	0.00000306383
rs181835401	0.0000121498
rs1886829	0.511514
rs1886836	0.129315
rs190009160	0.852006
rs1979722	0.00000196225
rs2029763	0.00000129109
rs2031373	0.0267885
rs2065701	0.197552
rs2065702	0.145344
rs2095403	0.511514
rs2104448	0.287294
rs2131925	0.0000239386
rs2131926	0.0000234928
rs2131927	0.00673437
rs2182241	0.858472
rs2366210	0.152756
rs2366211	0.909723
rs2366488	0.130882
rs2366636	0.0000044174
rs2366638	0.0000239386
rs2479464	0.0000239386
rs2489835	0.0000258658
rs28399032	0.000000290031
rs34427822	0.833862
rs34521477	0.800391
rs35285100	0.927454
rs35928537	0.600169
rs3850634	0.000000804079
rs3861940	0.409737
rs3861941	0.636148
rs3861942	0.103494
rs3887402	0.154336
rs3913007	0.00000196225
rs3915909	0.47177
rs3915910	0.524608
rs3949904	0.592285
rs4019714	0.423329
rs4019718	0.144467
rs41290146	0.00406855
rs41290148	0.047524
rs4323745	0.573962
rs4329540	0.0000343084
rs4344355	0.00000138161
rs4350231	0.00000106697
rs4439380	0.766018
rs4495740	0.000000926973
rs4514267	0.288002
rs4587594	0.00000100976
rs4915610	0.221669
rs4915611	0.152328
rs4915612	0.498164
rs4915613	0.885219
rs4915616	0.279004
rs4915617	0.26319
rs4915621	0.0000212294
rs4915816	0.786079
rs4915818	0.239716
rs4915819	0.408462
rs4915822	0.144467
rs4915823	0.166148
rs4915824	0.320396
rs4915826	0.759712
rs4915828	0.691242
rs4915831	0.595465
rs4915834	0.103494
rs4915835	0.273028
rs4915836	0.243619
rs4915838	0.0000042875
rs4915840	0.0000239386
rs4915846	0.103785
rs55842950	0.0125852
rs55977685	0.0765393
rs56115463	0.000631926
rs56120442	0.806031
rs583609	0.0000500683
rs584998	0.394366
rs59125372	0.223049
rs59304510	0.561918
rs597076	0.0000239386
rs597078	0.0000239386
rs597470	0.0000239386
rs598253	0.0000262846
rs59830002	0.144171
rs59942137	0.688473
rs60459828	0.843129
rs61264958	0.0945573
rs61471917	0.0000240026
rs61492051	0.278643
rs61775882	0.304538
rs61775945	0.322596
rs61775956	0.00406855
rs61776903	0.354381
rs624660	0.0000239386
rs630144	0.0000239386
rs631106	0.0000239386
rs634341	0.0000239386
rs635897	0.823301
rs636497	0.0000239386
rs636523	0.00000546896
rs637723	0.000033668
rs638305	0.0000239386
rs638714	0.000184258
rs641540	0.0000239386
rs642845	0.0000234211
rs646179	0.0287922
rs656297	0.0000239386
rs6587969	0.792639
rs6587970	0.074298
rs6587971	0.0798431
rs6587972	0.526349
rs6587973	0.251919
rs6587974	0.0282717
rs6587975	0.0282717
rs6587976	0.0000121498
rs6587980	0.0000121498
rs6657050	0.0000131955
rs6657562	0.889695
rs6658385	0.293588
rs6666816	0.000000485284
rs6673434	0.751009
rs6675251	0.273304
rs6675312	0.759712
rs6675401	0.0000243125
rs6675459	0.686702
rs6678159	0.602672
rs6678483	0.0000239386
rs6681288	0.480394
rs6682423	0.000000421644
rs6687215	0.0358152
rs6689052	0.595465
rs6690733	0.000029094
rs6690755	0.787462
rs6693353	0.0000239386
rs6693540	0.129842
rs6695538	0.710658
rs6696502	0.0000239386
rs6699436	0.866851
rs6699962	0.0614106
rs6701133	0.107357
rs6701864	0.985225
rs67537755	0.0141141
rs71643639	0.852851
rs72649573	0.717906
rs72649576	0.861377
rs72667323	0.786514
rs72667326	0.767046
rs72667353	0.103785
rs72927746	0.965554
rs72929703	0.27186
rs72929746	0.57814
rs72929771	0.648348
rs74076913	0.975858
rs74079264	0.195009
rs7416564	0.991977
rs7417430	0.561484
rs74614744	0.600106
rs746735	0.00000637777
rs74716393	0.261598
rs74835038	0.159845
rs74882615	0.895843
rs74892837	0.812951
rs7511777	0.247672
rs7512888	0.209553
rs7516161	0.447204
rs7519785	0.0000219527
rs7520810	0.0000239386
rs7520947	0.226285
rs7523486	0.578373
rs7523497	0.129842
rs7524831	0.133223
rs7526446	0.000000358626
rs7527004	0.000012887
rs7531442	0.366644
rs7531579	0.0000137462
rs7532698	0.494108
rs7538662	0.595465
rs7538689	0.0247256
rs7539035	0.0000239386
rs7541112	0.149865
rs7541208	0.771558
rs7543765	0.596754
rs7543896	0.733457
rs7544844	0.889695
rs7547965	0.0000065999
rs7548877	0.0000239386
rs7550306	0.220764
rs7555577	0.000122718
rs75888161	0.326136
rs75978204	0.233811
rs76150158	0.777883
rs76272805	0.047524
rs76391267	0.812951
rs76667454	0.0520459
rs76668790	0.0330165
rs76892402	0.103785
rs77064258	0.508752
rs77083979	0.000691488
rs77183098	0.564395
rs77524918	0.0318578
rs77671894	0.309877
rs77747578	0.600106
rs77798252	0.641755
rs77907749	0.000707146
rs78078259	0.812951
rs78287364	0.261598
rs783291	0.0000239386
rs79942541	0.159845
rs80102691	0.326136
rs80148997	0.0010602
rs80242442	0.000595258
rs879439	0.965515
rs880694	0.000000421644
rs912540	0.003765
rs9436221	0.0000956787
rs9436222	0.0000956787
rs9436223	0.0000239386
rs9436661	0.0000239386
rs943699	0.889695
rs945170	0.766018
rs945171	0.199305
rs9729888	0.649221
rs993013	0.000113354
rs995000	0.00000129109
rs997532	0.794367
rs998403	0.00000108107
rs9988450	0.0000137462
